<?xml version="1.0" encoding="UTF-8" standalone="yes"?>
<addon id="repository.XboxRepo-master" name="XboxRepo" version="1.0" provider-name="Pedecabra2377">
    <extension point="xbmc.addon.repository" name="XboxRepo">
        <dir>
            <info compressed="false">https://raw.githubusercontent.com/Pedecabra2377/XboxRepo/repo/repository.example/addon.xml</info>
            <checksum>https://raw.githubusercontent.com/Pedecabra2377/XboxRepo/repo/repository.example/addon.xml</checksum>
            <datadir zip="true">https://raw.githubusercontent.com/Pedecabra2377/XboxRepo/tree/main/zip</datadir>
        </dir>
    </extension>
    <extension point="xbmc.addon.metadata">
        <summary>XboxRepo</summary>
        <description>Download from Store.</description>
        <disclaimer></disclaimer>
        <platform>all</platform>
        <assets>
            <icon>icon.png</icon>
            <fanart>fanart.jpg</fanart>
        </assets>
    </extension>
</addon>